type,skill,job,cv
general,,8,8
general,care,3,3
general,free,2,2
general,programme,2,2
soft,experience,1,1
soft,social,1,1
soft,training,1,1
general,pension,1,1
general,check,1,1
general,care certificate,1,1
general,share save,1,1
general,employee assistance programme,1,1
general,assistance,1,1
general,free employee assistance,1,1
general,induction,1,1
general,induction programme,1,1
general,is,1,1
general,paid,1,1
general,dbs check paid,1,1
general,holiday purchase scheme,1,1
general,purchase scheme,1,1
general,additional holiday purchase,1,1
general,caretech,1,1
general,prior,1,1
general,care certificate standards,1,1
general,provide free training,1,1
general,certificate standards,1,1
general,qualification,1,1
general,assistance programme,1,1
general,stakeholder,1,1
general,less experience,1,1
general,offer,1,1
general,employee,1,1
general,lexible,1,1
general,standards,1,1
general,full induction programme,1,1
general,lexible additional,1,1
general,company is,1,1
general,full,1,1
general,social care,1,1
general,additional holiday,1,1
general,free training,1,1
general,free employee,1,1
general,less experience looking,1,1
general,stakeholder pension,1,1
general,additional,1,1
general,achieve,1,1
general,check paid,1,1
general,save,1,1
general,join,1,1
general,full induction,1,1
general,offer apprenticeships,1,1
general,experience looking,1,1
general,purchase,1,1
general,sector,1,1
general,holiday purchase,1,1
general,holiday,1,1
general,carer,1,1
general,dbs,1,1
general,employee assistance,1,1
general,share,1,1
general,care sector,1,1
general,certificate,1,1
general,scheme,1,1
general,apprenticeships,1,1
general,caretech prior,1,1
general,provide,1,1
general,starting,1,1
general,provide free,1,1
general,carer progression,1,1
general,less,1,1
general,lexible additional holiday,1,1
general,progression,1,1
general,dbs check,1,1
general,company,1,1
general,looking,1,1
